iteration,exploitability_for_42_sql
20,4.860667033387064
40,4.810912733685792
100,4.677764162001578
160,4.566574909488375
300,4.332017174124985
560,4.115522938303914
1000,3.62895303281356
1760,1.9289559837723764
3160,1.0359936317769454
5620,0.7391150300159635
10000,0.8598445588671026
17780,1.023122339738242
31620,0.9833269804606102
56220,0.5165689692828697
100000,0.32470295830722307
177820,0.24684292798276
316220,0.15746001200840526
562340,0.10737792450605045
1000000,0.08958903302259454
