iteration,exploitability_for_42_sql
20,4.861870854851953
40,4.8373536845784395
100,4.8626267520845
160,4.9215611467635565
300,4.994801807901337
560,4.88812226356367
1000,4.151587819934857
1760,2.012127099705845
3160,1.2298229668485685
5620,0.7983006815485462
10000,0.5629445024537983
17780,0.6359463165935207
31620,0.726946088284309
56220,0.36922964034139694
100000,0.24240104728042278
177820,0.1852924102720681
316220,0.1412336508968356
562340,0.13667573276781056
1000000,0.09326973911825649
