iteration,exploitability_for_1_sql
1,3.32119571232822
2,3.32119571232822
3,3.32119571232822
5,3.32119571232822
6,3.32119571232822
7,3.32119571232822
10,3.32119571232822
12,3.32119571232822
15,3.32119571232822
19,3.32119571232822
25,3.32119571232822
31,3.3210033626069158
39,3.3210033626069158
50,3.3210033626069158
63,3.3033338926919713
79,3.3033338926919713
100,3.2792338271245045
125,3.252479910596577
158,3.224352286722111
199,3.1665555887014682
251,3.13678430032795
316,3.0487746257717925
398,2.974424946182655
501,2.9046870399437883
630,2.799736908164699
794,2.704932129644554
1000,2.628548863502706
1258,2.5201475417744117
1584,2.298844074085484
1995,1.9307569052305023
2511,1.4580502187067443
3162,1.0575479152253875
3981,0.7627521041299622
5011,0.6531282226129997
6309,0.6648068101663791
7943,0.6100172367571313
10000,0.5428212766109376
12589,0.5875457172549328
15848,0.685315801316081
19952,0.7891817282380449
25118,1.1025206370420633
31622,0.9978469717239788
39810,0.8682209727363056
50118,0.5994389493797221
63095,0.5194969977155701
79432,0.39659442434103354
100000,0.3253891173058673
125892,0.2781396571711915
158489,0.20387558945963588
199526,0.21634147133055517
251188,0.2229549985779643
316227,0.20828793082552988
398107,0.24026576489167964
501187,0.24286822016605156
630957,0.26687012159830925
794328,0.2157152721687327
1000000,0.15395495050463193
