iteration,exploitability_for_100_sql
1,3.5133575772947063
2,3.5133575772947063
3,3.5133575772947063
5,3.5133575772947063
6,3.5133575772947063
7,3.5133575772947063
10,3.5133575772947063
12,3.5133575772947063
15,3.5133575772947063
19,3.5133575772947063
25,3.5133575772947063
31,3.482809217567678
39,3.482809217567678
50,3.482809217567678
63,3.451221745202544
79,3.451221745202544
100,3.418993290675572
125,3.3859283945325047
158,3.3541928317520044
199,3.2901218750420353
251,3.235295179301034
316,3.181171506573744
398,3.098587208231555
501,2.9983507510050003
630,2.916343379430444
794,2.809207907541642
1000,2.6890573776247715
1258,2.560612965392001
1584,2.392467527634893
1995,2.0639014580481305
2511,1.5544821264286741
3162,1.0464982588593
3981,0.8599425432041554
5011,0.7086205032208691
6309,0.6499660409540282
7943,0.6014033432270571
10000,0.5495723049145853
12589,0.6568827716028951
15848,0.7883089911463107
19952,0.74744930716028
25118,0.9273964327851165
31622,1.2147291061933134
39810,1.0631706798899805
50118,0.669897310385066
63095,0.5465010124891003
79432,0.4152699638165957
100000,0.2959952362293645
125892,0.2354018929178229
158489,0.168258082774659
199526,0.1446237636095794
251188,0.14684130283496297
316227,0.15652676972277735
398107,0.12922164735265332
501187,0.09184939071756419
630957,0.07530597813586498
794328,0.04914008723126341
1000000,0.038275145546190145
