iteration,exploitability_for_10_sql
1,3.6217351810812497
2,3.6217351810812497
3,3.6217351810812497
5,3.6217351810812497
6,3.6217351810812497
7,3.6217351810812497
10,3.6217351810812497
12,3.6217351810812497
15,3.6217351810812497
19,3.6217351810812497
25,3.6217351810812497
31,3.6527381355605772
39,3.6527381355605772
50,3.6527381355605772
63,3.693913214582488
79,3.693913214582488
100,3.735207603111715
125,3.7703537822295305
158,3.7954632103073043
199,3.8119007201252897
251,3.7826666893732472
316,3.7251966882110787
398,3.6051418142984053
501,3.435761599647876
630,3.2516259946112562
794,3.075211607360931
1000,2.8618475002702537
1258,2.6221629362719283
1584,2.3159203285849963
1995,1.969490164924578
2511,1.6261735229673475
3162,1.2490154899069044
3981,1.0570606629391264
5011,0.9037542993786362
6309,0.7742557971783023
7943,0.6658171207324549
10000,0.5773301417046703
12589,0.5462335564597471
15848,0.6043172871228382
19952,0.7059334865567728
25118,0.727654855510239
31622,0.7961996355048244
39810,0.704464434159386
50118,0.5800054923219066
63095,0.45919306422140715
79432,0.37505545856901384
100000,0.3308376894470606
125892,0.22608097474817868
158489,0.16320340519642518
199526,0.13381940307997334
251188,0.10922839376936225
316227,0.11588905155203749
398107,0.10172782598007965
501187,0.08772128923765511
630957,0.06849399033841067
794328,0.06285231235748921
1000000,0.05712559720349457
