iteration,batch_episode_time_for_2_42
40,1.1599459648132324
80,1.0383141040802002
