iteration,exploitability_for_42_sql
1,0.9166666666666665
2,0.9166666666666665
3,0.9166666666666665
5,0.9166666666666665
6,0.9166666666666665
7,0.9166666666666665
10,0.9166666666666665
12,0.9166666666666665
15,0.9166666666666665
19,0.9166666666666665
25,0.9166666666666665
31,0.9166666666666665
39,0.9166666666666665
50,0.9166666666666665
63,0.9023536551130533
79,0.9023536551130533
100,0.9023536551130533
125,0.9053141364329456
158,0.9053141364329456
199,0.9035843644605
251,0.8987614162611633
316,0.8915387385435469
398,0.8733276090946789
501,0.8626267437730359
630,0.8281550198172618
794,0.8043485606954743
1000,0.7579174527211876
1258,0.7008581276962631
1584,0.6540889051380532
1995,0.6278032100465349
2511,0.5964558663214442
3162,0.5580421608912017
3981,0.5022429283836409
5011,0.4069547053470319
6309,0.3035712434156644
7943,0.32016441536712276
10000,0.32038270832010635
12589,0.3113305850116672
15848,0.2804220219600602
19952,0.2787743469436438
25118,0.3171041041903635
31622,0.34642171769649127
39810,0.45143405364918215
50118,0.4415320542823766
63095,0.35900274068593696
79432,0.31839620968837345
100000,0.2716605714726835
125892,0.2445539223329641
158489,0.20065020114448615
199526,0.15014236596551145
251188,0.1322358124437592
316227,0.14758757731939998
398107,0.12943529838137852
501187,0.14123375135214658
630957,0.13340842085039822
794328,0.12069529901268666
1000000,0.1225920362849515
