iteration,exploitability_for_42_sql
40,0.9023599139451903
80,0.9105673398796537
160,0.9222266328238091
280,0.9277080812998579
560,0.8927820621303109
1000,0.7747291361063169
1760,0.5931528825344264
3160,0.45267582726371114
5600,0.28252248468280733
10000,0.2828631597532031
17760,0.2923386060565185
31600,0.43853141015132524
56200,0.3341688511314121
100000,0.17582263941185383
177800,0.06244899159894257
316200,0.0371014709921782
562320,0.024701995495859413
1000000,0.01993524108144301
