iteration,exploitability_for_42_sql
40,0.9047390199800678
80,0.914719175566681
160,0.9259281050890582
280,0.9212170528672465
560,0.8632383844239703
1000,0.7392988806982479
1760,0.612598864482336
3160,0.4389303576636153
5600,0.29843351212081437
10000,0.3080555789109616
17760,0.2994403378363376
31600,0.37993933142538194
56200,0.3868295042714847
100000,0.17051057304127584
177800,0.10691011952126281
316200,0.03743696197978069
562320,0.03212313202527145
1000000,0.013100698341795614
