iteration,exploitability_for_42_sql
28,2.0337542250336473
56,2.047767274035449
84,2.061796396389882
168,2.116180758948498
308,2.23666096663022
560,2.318921761705137
980,2.1522558762689883
1764,1.6517854549852804
3136,0.8213114251994826
5600,0.5634611190129799
9996,0.4521479239816376
17780,0.3835738888827598
31612,0.33488950330943223
56224,0.2631579284718289
99988,0.18556967101424804
177800,0.0981681756285503
316204,0.07194442894074002
562324,0.05821138967815247
999992,0.03512723361303982
