iteration,exploitability_for_10_sql
1,2.081190466960475
2,2.081190466960475
3,2.081190466960475
5,2.081190466960475
6,2.081190466960475
7,2.081190466960475
10,2.081190466960475
12,2.081190466960475
15,2.081190466960475
19,2.081190466960475
25,2.081190466960475
31,2.081190466960475
39,2.095014726706774
50,2.095014726706774
63,2.095014726706774
79,2.090387959005925
100,2.090387959005925
125,2.075054016914633
158,2.05463837001386
199,2.038130442537242
251,2.0253000911759065
316,1.9977288921262502
398,1.969478737486427
501,1.927174099752805
630,1.8716032367059976
794,1.8190617897978818
1000,1.7405768427648742
1258,1.651380865100821
1584,1.5451548119812781
1995,1.405563329213423
2511,1.1880612729987705
3162,0.8820488065786631
3981,0.6110147276462352
5011,0.46566977416883
6309,0.43047236723263893
7943,0.4131790955191885
10000,0.3696724179339186
12589,0.3631213379778719
15848,0.4151553244882339
19952,0.4511459765329805
25118,0.5068233746813855
31622,0.6679843007958832
39810,0.8102841564508969
50118,0.5732639480924188
63095,0.5305400976003352
79432,0.40671585268315114
100000,0.25226773334160935
125892,0.2089929755635705
158489,0.17597291497626708
199526,0.13429821541931447
251188,0.11043179568779635
316227,0.08519121904663578
398107,0.09377519822302349
501187,0.05320931712983453
630957,0.060994563489649746
794328,0.05652382890621589
1000000,0.043019485799176145
