iteration,exploitability_for_100_sql
1,2.000301694135765
2,2.000301694135765
3,2.000301694135765
5,2.000301694135765
6,2.000301694135765
7,2.000301694135765
10,2.000301694135765
12,2.000301694135765
15,2.000301694135765
19,2.000301694135765
25,2.000301694135765
31,2.000301694135765
39,2.000301694135765
50,1.9931481371275066
63,1.9931481371275066
79,1.981885411305091
100,1.981885411305091
125,1.9681384025162898
158,1.9535099164853067
199,1.9384304275120323
251,1.9231878621379002
316,1.8927136101944488
398,1.8629496744375342
501,1.8209876655785964
630,1.7683248383983803
794,1.7171736043772166
1000,1.6422253865906564
1258,1.5606790465766984
1584,1.4743530273272556
1995,1.3490095552119146
2511,1.1846727661257512
3162,0.9344737308301164
3981,0.6139900384992064
5011,0.44013541253091404
6309,0.43955121430916955
7943,0.4461067173556485
10000,0.42315460860309073
12589,0.39245519452158306
15848,0.41264766064381925
19952,0.4972351896507201
25118,0.6766683744646721
31622,0.735099588879907
39810,0.7780448852422054
50118,0.7111134001653192
63095,0.5374512966949413
79432,0.39569903973389736
100000,0.29100454266379805
125892,0.23194752494292037
158489,0.19590436157202334
199526,0.1579363485384732
251188,0.08991460655126941
316227,0.07354543715654376
398107,0.053724993486397137
501187,0.052551857825784386
630957,0.044659797260735344
794328,0.05581715002250417
1000000,0.04628870423810691
