iteration,exploitability_for_42_sql
28,2.026747090968905
56,2.0386845513089993
84,2.050990432048026
168,2.078756408789754
308,2.0987477244913384
560,2.038729260327357
980,1.8298262340497176
1764,1.2285219425694414
3136,0.620918629799406
5600,0.44481207952427204
9996,0.3247484648243944
17780,0.48409164930518256
31612,0.5660690608699662
56224,0.3582214726115019
99988,0.20347141950785747
177800,0.08941233297689502
316204,0.09200682801369633
562324,0.044165731718452415
999992,0.045458613892830936
