iteration,exploitability_for_42_sql
1,0.9166666666666665
2,0.9166666666666665
3,0.9166666666666665
4,0.9166666666666665
5,0.9166666666666665
7,0.9166666666666665
10,0.9166666666666665
13,0.9166666666666665
17,0.9166666666666665
23,0.9166666666666665
31,0.9166666666666665
42,0.9166666666666665
56,0.9023536551130533
74,0.9023536551130533
100,0.9023536551130533
133,0.9069816600087521
177,0.907613340664883
237,0.9050265189773039
316,0.8993662137885616
421,0.8822124477249768
562,0.8604239844167818
749,0.8136271222128961
1000,0.7670256968350012
1333,0.7006927378858332
1778,0.6376868418125479
2371,0.6059443632793091
3162,0.5523204052250523
4216,0.4676476960655052
5623,0.35754627610625767
7498,0.35915590095590366
10000,0.3389315033787145
13335,0.31727705519756044
17782,0.26059508458403263
23713,0.2818402654834138
31622,0.36213315604526636
42169,0.40120041819666513
56234,0.32379401786779605
74989,0.2925823755046013
100000,0.2404999501351899
133352,0.20732698871232436
177827,0.16757230511628526
237137,0.16370789267086713
316227,0.14291201748225307
421696,0.14031608112430477
562341,0.13021044792576017
749894,0.12045417520816606
1000000,0.12266097373968865
