iteration,exploitability_for_42_sql
1,0.9166666666666665
3,0.9166666666666665
5,0.9166666666666665
10,0.9166666666666665
17,0.9166666666666665
31,0.9166666666666665
56,0.9023536551130533
100,0.9023536551130533
177,0.907613340664883
316,0.8993662137885616
562,0.8604239844167818
1000,0.7670256968350012
1778,0.6376868418125479
3162,0.5523204052250523
5623,0.35754627610625767
10000,0.3389315033787145
17782,0.26059508458403263
31622,0.36213315604526636
56234,0.32379401786779605
100000,0.2404999501351899
177827,0.16757230511628526
316227,0.14291201748225307
562341,0.13021044792576017
1000000,0.12266097373968865
