iteration,exploitability_for_42_sql
1,4.747222222222224
2,4.747222222222224
3,4.747222222222224
5,4.747222222222224
6,4.747222222222224
7,4.747222222222224
10,4.747222222222224
12,4.747222222222224
15,4.747222222222224
19,4.747222222222224
25,4.747222222222224
31,4.747222222222224
39,4.747222222222224
50,4.747222222222224
63,4.747222222222224
79,4.747222222222224
100,4.747222222222224
125,4.747222222222224
158,4.747222222222224
199,4.747222222222224
251,4.747222222222224
316,4.747222222222224
398,4.747222222222224
501,4.747222222222224
630,4.747222222222224
794,4.747222222222224
1000,4.747222222222224
