iteration,exploitability_for_42_sql
1,4.747222222222224
2,4.747222222222224
3,4.747222222222224
5,4.747222222222224
6,4.747222222222224
7,4.747222222222224
10,4.747222222222224
12,4.747222222222224
15,4.747222222222224
19,4.747222222222224
25,4.747222222222224
31,4.747222222222224
39,5.027296803350101
50,5.027296803350101
63,5.027296803350101
79,4.992016474156852
100,4.9556605843561545
125,4.921692413751185
158,4.899744033435798
199,4.891192070526178
251,4.905151290916557
316,4.946348185903369
398,5.038146109073844
501,5.1116317356027725
630,5.094813210748093
794,4.735642897401615
1000,4.457619550368184
1258,4.384717244267183
1584,4.392142370928806
1995,4.498432360490005
2511,4.505391866036029
3162,4.506893489246183
3981,4.353552295042943
5011,4.431465912553314
6309,4.235681981545842
7943,4.009458370479278
10000,3.544742446645258
12589,2.8635230176403796
15848,2.556136237708696
19952,2.1724180654091594
25118,2.134034055987355
31622,1.8378486253611417
39810,1.6446493936462354
50118,1.5698770844214955
63095,1.3710820782594508
79432,1.4014506915058402
100000,1.3955629895773307
125892,1.495290470210108
158489,1.6064676273294087
199526,1.5592515011651615
251188,1.8162419525048537
316227,1.6389786304830132
398107,1.3168903702665355
501187,1.11699031948314
630957,0.8773255372987852
794328,0.75087210503899
1000000,0.7509800373486825
